y,x,opp_fga,opp_fg,opp_pts,opp_ssce,opp_prla,dist
-12.5,-72.5,0.0,0.0,0.0,-0.886,0.0,7.65
-12.5,-67.5,0.0,0.0,0.0,-0.887,0.0,7.16
-12.5,-62.5,0.0,0.0,0.0,-0.875,0.0,6.67
-12.5,-57.5,0.0,0.0,0.0,-0.816,0.0,6.18
-12.5,-52.5,0.0,0.0,0.0,-0.725,0.0,5.7
-12.5,-47.5,0.0,0.0,0.0,-0.652,0.0,5.22
-12.5,-42.5,0.0,0.0,0.0,-0.624,0.0,4.74
-12.5,-37.5,0.0,0.0,0.0,-0.591,0.0,4.27
-12.5,-32.5,0.0,0.0,0.0,-0.616,0.0,3.81
-12.5,-27.5,0.0,0.0,0.0,-0.649,0.0,3.35
-12.5,-22.5,0.0,0.0,0.0,-0.717,0.0,2.92
-12.5,-17.5,0.0,0.0,0.0,-0.782,0.0,2.5
-12.5,-12.5,0.0,0.0,0.0,-0.839,0.0,2.12
-12.5,-7.5,0.0,0.0,0.0,-0.93,0.0,1.8
-12.5,-2.5,0.0,0.0,0.0,-0.951,0.0,1.58
-12.5,2.5,0.0,0.0,0.0,-0.952,0.0,1.5
-12.5,7.5,0.0,0.0,0.0,-0.951,0.0,1.58
-12.5,12.5,0.0,0.0,0.0,-0.845,0.0,1.8
-12.5,17.5,1.0,1.0,2.0,1.08,1.08,2.12
-12.5,22.5,0.0,0.0,0.0,-0.746,0.0,2.5
-12.5,27.5,0.0,0.0,0.0,-0.683,0.0,2.92
-12.5,32.5,0.0,0.0,0.0,-0.636,0.0,3.35
-12.5,37.5,0.0,0.0,0.0,-0.533,0.0,3.81
-12.5,42.5,0.0,0.0,0.0,-0.615,0.0,4.27
-12.5,47.5,1.0,1.0,2.0,1.266,1.266,4.74
-12.5,52.5,1.0,0.0,0.0,-0.668,-0.668,5.22
-12.5,57.5,0.0,0.0,0.0,-0.783,0.0,5.7
-12.5,62.5,0.0,0.0,0.0,-0.84,0.0,6.18
-12.5,67.5,0.0,0.0,0.0,-0.809,0.0,6.67
-12.5,72.5,1.0,0.0,0.0,-0.881,-0.881,7.16
-7.5,-72.5,2.0,0.0,0.0,-0.776,-1.552,7.57
-7.5,-67.5,0.0,0.0,0.0,-0.99,0.0,7.07
-7.5,-62.5,0.0,0.0,0.0,-0.888,0.0,6.58
-7.5,-57.5,0.0,0.0,0.0,-0.86,0.0,6.08
-7.5,-52.5,0.0,0.0,0.0,-0.691,0.0,5.59
-7.5,-47.5,0.0,0.0,0.0,-0.68,0.0,5.1
-7.5,-42.5,0.0,0.0,0.0,-0.674,0.0,4.61
-7.5,-37.5,0.0,0.0,0.0,-0.633,0.0,4.12
-7.5,-32.5,0.0,0.0,0.0,-0.621,0.0,3.64
-7.5,-27.5,0.0,0.0,0.0,-0.646,0.0,3.16
-7.5,-22.5,1.0,0.0,0.0,-0.663,-0.663,2.69
-7.5,-17.5,0.0,0.0,0.0,-0.952,0.0,2.24
-7.5,-12.5,0.0,0.0,0.0,-1.1,0.0,1.8
-7.5,-7.5,2.0,1.0,2.0,0.074,0.148,1.41
-7.5,-2.5,2.0,0.0,0.0,-1.134,-2.268,1.12
-7.5,2.5,2.0,0.0,0.0,-1.193,-2.387,1.0
-7.5,7.5,0.0,0.0,0.0,-1.069,0.0,1.12
-7.5,12.5,0.0,0.0,0.0,-1.086,0.0,1.41
-7.5,17.5,0.0,0.0,0.0,-1.006,0.0,1.8
-7.5,22.5,0.0,0.0,0.0,-0.833,0.0,2.24
-7.5,27.5,0.0,0.0,0.0,-0.68,0.0,2.69
-7.5,32.5,1.0,0.0,0.0,-0.563,-0.563,3.16
-7.5,37.5,0.0,0.0,0.0,-0.585,0.0,3.64
-7.5,42.5,0.0,0.0,0.0,-0.64,0.0,4.12
-7.5,47.5,0.0,0.0,0.0,-0.644,0.0,4.61
-7.5,52.5,0.0,0.0,0.0,-0.607,0.0,5.1
-7.5,57.5,0.0,0.0,0.0,-0.655,0.0,5.59
-7.5,62.5,0.0,0.0,0.0,-0.931,0.0,6.08
-7.5,67.5,2.0,2.0,6.0,1.636,3.271,6.58
-7.5,72.5,1.0,0.0,0.0,-0.859,-0.859,7.07
-2.5,-72.5,1.0,0.0,0.0,-0.802,-0.802,7.52
-2.5,-67.5,2.0,1.0,3.0,0.467,0.934,7.02
-2.5,-62.5,0.0,0.0,0.0,-0.85,0.0,6.52
-2.5,-57.5,1.0,1.0,2.0,1.17,1.17,6.02
-2.5,-52.5,1.0,1.0,2.0,1.305,1.305,5.52
-2.5,-47.5,0.0,0.0,0.0,-0.626,0.0,5.02
-2.5,-42.5,1.0,1.0,2.0,1.272,1.272,4.53
-2.5,-37.5,0.0,0.0,0.0,-0.559,0.0,4.03
-2.5,-32.5,2.0,0.0,0.0,-0.624,-1.249,3.54
-2.5,-27.5,1.0,0.0,0.0,-0.685,-0.685,3.04
-2.5,-22.5,0.0,0.0,0.0,-0.59,0.0,2.55
-2.5,-17.5,0.0,0.0,0.0,-0.86,0.0,2.06
-2.5,-12.5,0.0,0.0,0.0,-0.929,0.0,1.58
-2.5,-7.5,3.0,2.0,4.0,0.211,0.633,1.12
-2.5,-2.5,14.0,9.0,18.0,-0.006,-0.087,0.71
-2.5,2.5,4.0,0.0,0.0,-1.035,-4.141,0.5
-2.5,7.5,3.0,1.0,2.0,-0.498,-1.494,0.71
-2.5,12.5,1.0,0.0,0.0,-0.949,-0.949,1.12
-2.5,17.5,0.0,0.0,0.0,-0.947,0.0,1.58
-2.5,22.5,0.0,0.0,0.0,-0.74,0.0,2.06
-2.5,27.5,0.0,0.0,0.0,-0.683,0.0,2.55
-2.5,32.5,0.0,0.0,0.0,-0.611,0.0,3.04
-2.5,37.5,1.0,0.0,0.0,-0.599,-0.599,3.54
-2.5,42.5,1.0,0.0,0.0,-0.588,-0.588,4.03
-2.5,47.5,0.0,0.0,0.0,-0.567,0.0,4.53
-2.5,52.5,0.0,0.0,0.0,-0.632,0.0,5.02
-2.5,57.5,0.0,0.0,0.0,-0.776,0.0,5.52
-2.5,62.5,0.0,0.0,0.0,-0.912,0.0,6.02
-2.5,67.5,0.0,0.0,0.0,-0.894,0.0,6.52
-2.5,72.5,3.0,1.0,3.0,0.125,0.375,7.02
2.5,-72.5,1.0,1.0,3.0,2.122,2.122,7.5
2.5,-67.5,4.0,2.0,6.0,0.503,2.011,7.0
2.5,-62.5,0.0,0.0,0.0,-0.883,0.0,6.5
2.5,-57.5,1.0,0.0,0.0,-0.81,-0.81,6.0
2.5,-52.5,0.0,0.0,0.0,-0.609,0.0,5.5
2.5,-47.5,1.0,0.0,0.0,-0.723,-0.723,5.0
2.5,-42.5,0.0,0.0,0.0,-0.71,0.0,4.5
2.5,-37.5,1.0,0.0,0.0,-0.586,-0.586,4.0
2.5,-32.5,1.0,1.0,2.0,1.343,1.343,3.5
2.5,-27.5,2.0,0.0,0.0,-0.688,-1.377,3.0
2.5,-22.5,3.0,2.0,4.0,0.481,1.442,2.5
2.5,-17.5,1.0,1.0,2.0,1.131,1.131,2.0
2.5,-12.5,9.0,5.0,10.0,0.234,2.108,1.5
2.5,-7.5,33.0,19.0,38.0,-0.13,-4.298,1.0
2.5,-2.5,27.0,15.0,30.0,-0.224,-6.038,0.5
2.5,2.5,30.0,20.0,40.0,-0.029,-0.877,0.0
2.5,7.5,27.0,17.0,34.0,-0.047,-1.258,0.5
2.5,12.5,13.0,9.0,18.0,0.297,3.86,1.0
2.5,17.5,2.0,0.0,0.0,-0.923,-1.847,1.5
2.5,22.5,2.0,0.0,0.0,-0.668,-1.337,2.0
2.5,27.5,1.0,1.0,2.0,1.269,1.269,2.5
2.5,32.5,3.0,0.0,0.0,-0.705,-2.116,3.0
2.5,37.5,1.0,0.0,0.0,-0.599,-0.599,3.5
2.5,42.5,1.0,1.0,2.0,1.433,1.433,4.0
2.5,47.5,0.0,0.0,0.0,-0.542,0.0,4.5
2.5,52.5,0.0,0.0,0.0,-0.709,0.0,5.0
2.5,57.5,0.0,0.0,0.0,-0.801,0.0,5.5
2.5,62.5,0.0,0.0,0.0,-0.83,0.0,6.0
2.5,67.5,0.0,0.0,0.0,-0.6,0.0,6.5
2.5,72.5,7.0,2.0,6.0,-0.43,-3.009,7.0
7.5,-72.5,0.0,0.0,0.0,-0.855,0.0,7.52
7.5,-67.5,1.0,0.0,0.0,-0.575,-0.575,7.02
7.5,-62.5,0.0,0.0,0.0,-0.868,0.0,6.52
7.5,-57.5,0.0,0.0,0.0,-0.781,0.0,6.02
7.5,-52.5,1.0,0.0,0.0,-0.624,-0.624,5.52
7.5,-47.5,0.0,0.0,0.0,-0.475,0.0,5.02
7.5,-42.5,2.0,0.0,0.0,-0.576,-1.152,4.53
7.5,-37.5,1.0,0.0,0.0,-0.557,-0.557,4.03
7.5,-32.5,2.0,0.0,0.0,-0.584,-1.168,3.54
7.5,-27.5,1.0,0.0,0.0,-0.665,-0.665,3.04
7.5,-22.5,3.0,1.0,2.0,0.045,0.135,2.55
7.5,-17.5,8.0,2.0,4.0,-0.408,-3.26,2.06
7.5,-12.5,9.0,4.0,8.0,-0.051,-0.455,1.58
7.5,-7.5,17.0,4.0,8.0,-0.556,-9.445,1.12
7.5,-2.5,20.0,11.0,22.0,0.075,1.499,0.71
7.5,2.5,21.0,10.0,20.0,-0.125,-2.619,0.5
7.5,7.5,23.0,6.0,12.0,-0.429,-9.872,0.71
7.5,12.5,3.0,2.0,4.0,0.474,1.423,1.12
7.5,17.5,5.0,2.0,4.0,-0.065,-0.324,1.58
7.5,22.5,4.0,2.0,4.0,0.13,0.519,2.06
7.5,27.5,0.0,0.0,0.0,-0.672,0.0,2.55
7.5,32.5,1.0,1.0,2.0,1.423,1.423,3.04
7.5,37.5,0.0,0.0,0.0,-0.597,0.0,3.54
7.5,42.5,5.0,2.0,4.0,0.032,0.158,4.03
7.5,47.5,1.0,0.0,0.0,-0.674,-0.674,4.53
7.5,52.5,1.0,0.0,0.0,-0.602,-0.602,5.02
7.5,57.5,1.0,0.0,0.0,-0.738,-0.738,5.52
7.5,62.5,1.0,0.0,0.0,-0.886,-0.886,6.02
7.5,67.5,2.0,0.0,0.0,-0.886,-1.773,6.52
7.5,72.5,2.0,1.0,3.0,0.504,1.008,7.02
12.5,-72.5,0.0,0.0,0.0,-0.831,0.0,7.57
12.5,-67.5,1.0,0.0,0.0,-0.959,-0.959,7.07
12.5,-62.5,0.0,0.0,0.0,-0.857,0.0,6.58
12.5,-57.5,0.0,0.0,0.0,-0.775,0.0,6.08
12.5,-52.5,0.0,0.0,0.0,-0.712,0.0,5.59
12.5,-47.5,0.0,0.0,0.0,-0.642,0.0,5.1
12.5,-42.5,1.0,0.0,0.0,-0.519,-0.519,4.61
12.5,-37.5,2.0,0.0,0.0,-0.548,-1.096,4.12
12.5,-32.5,4.0,0.0,0.0,-0.646,-2.584,3.64
12.5,-27.5,3.0,1.0,2.0,-0.029,-0.088,3.16
12.5,-22.5,4.0,4.0,8.0,1.141,4.564,2.69
12.5,-17.5,1.0,1.0,2.0,1.061,1.061,2.24
12.5,-12.5,9.0,4.0,8.0,-0.035,-0.313,1.8
12.5,-7.5,8.0,5.0,10.0,0.266,2.124,1.41
12.5,-2.5,12.0,7.0,14.0,0.167,2.009,1.12
12.5,2.5,13.0,4.0,8.0,-0.297,-3.863,1.0
12.5,7.5,9.0,4.0,8.0,-0.206,-1.853,1.12
12.5,12.5,8.0,5.0,10.0,0.235,1.881,1.41
12.5,17.5,3.0,1.0,2.0,-0.187,-0.56,1.8
12.5,22.5,4.0,1.0,2.0,-0.261,-1.045,2.24
12.5,27.5,3.0,3.0,6.0,1.305,3.914,2.69
12.5,32.5,1.0,0.0,0.0,-0.666,-0.666,3.16
12.5,37.5,0.0,0.0,0.0,-0.625,0.0,3.64
12.5,42.5,1.0,0.0,0.0,-0.626,-0.626,4.12
12.5,47.5,1.0,0.0,0.0,-0.481,-0.481,4.61
12.5,52.5,0.0,0.0,0.0,-0.664,0.0,5.1
12.5,57.5,1.0,0.0,0.0,-0.653,-0.653,5.59
12.5,62.5,0.0,0.0,0.0,-0.963,0.0,6.08
12.5,67.5,0.0,0.0,0.0,-0.982,0.0,6.58
12.5,72.5,1.0,0.0,0.0,-0.774,-0.774,7.07
17.5,-72.5,1.0,0.0,0.0,-0.977,-0.977,7.65
17.5,-67.5,2.0,1.0,3.0,0.366,0.732,7.16
17.5,-62.5,1.0,0.0,0.0,-0.835,-0.835,6.67
17.5,-57.5,0.0,0.0,0.0,-0.871,0.0,6.18
17.5,-52.5,0.0,0.0,0.0,-0.615,0.0,5.7
17.5,-47.5,1.0,0.0,0.0,-0.451,-0.451,5.22
17.5,-42.5,0.0,0.0,0.0,-0.712,0.0,4.74
17.5,-37.5,3.0,2.0,4.0,0.698,2.093,4.27
17.5,-32.5,0.0,0.0,0.0,-0.626,0.0,3.81
17.5,-27.5,1.0,0.0,0.0,-0.715,-0.715,3.35
17.5,-22.5,2.0,0.0,0.0,-0.766,-1.532,2.92
17.5,-17.5,1.0,1.0,2.0,1.103,1.103,2.5
17.5,-12.5,5.0,2.0,4.0,-0.173,-0.864,2.12
17.5,-7.5,9.0,3.0,6.0,-0.227,-2.041,1.8
17.5,-2.5,6.0,1.0,2.0,-0.597,-3.579,1.58
17.5,2.5,6.0,4.0,8.0,0.514,3.082,1.5
17.5,7.5,3.0,1.0,2.0,-0.164,-0.492,1.58
17.5,12.5,6.0,3.0,6.0,0.023,0.14,1.8
17.5,17.5,5.0,1.0,2.0,-0.237,-1.185,2.12
17.5,22.5,3.0,1.0,2.0,-0.039,-0.116,2.5
17.5,27.5,0.0,0.0,0.0,-0.715,0.0,2.92
17.5,32.5,2.0,1.0,2.0,0.408,0.815,3.35
17.5,37.5,1.0,0.0,0.0,-0.628,-0.628,3.81
17.5,42.5,0.0,0.0,0.0,-0.671,0.0,4.27
17.5,47.5,1.0,0.0,0.0,-0.436,-0.436,4.74
17.5,52.5,0.0,0.0,0.0,-0.668,0.0,5.22
17.5,57.5,0.0,0.0,0.0,-0.759,0.0,5.7
17.5,62.5,0.0,0.0,0.0,-0.813,0.0,6.18
17.5,67.5,2.0,1.0,3.0,0.594,1.188,6.67
17.5,72.5,1.0,0.0,0.0,-0.901,-0.901,7.16
22.5,-72.5,0.0,0.0,0.0,-0.937,0.0,7.76
22.5,-67.5,1.0,0.0,0.0,-0.954,-0.954,7.28
22.5,-62.5,0.0,0.0,0.0,-0.821,0.0,6.8
22.5,-57.5,0.0,0.0,0.0,-0.981,0.0,6.32
22.5,-52.5,2.0,1.0,2.0,0.277,0.554,5.85
22.5,-47.5,1.0,0.0,0.0,-0.616,-0.616,5.39
22.5,-42.5,3.0,2.0,4.0,0.623,1.87,4.92
22.5,-37.5,0.0,0.0,0.0,-0.638,0.0,4.47
22.5,-32.5,0.0,0.0,0.0,-0.595,0.0,4.03
22.5,-27.5,2.0,1.0,2.0,0.307,0.615,3.61
22.5,-22.5,0.0,0.0,0.0,-0.753,0.0,3.2
22.5,-17.5,0.0,0.0,0.0,-0.85,0.0,2.83
22.5,-12.5,3.0,2.0,4.0,0.421,1.263,2.5
22.5,-7.5,3.0,0.0,0.0,-0.668,-2.003,2.24
22.5,-2.5,4.0,0.0,0.0,-0.7,-2.801,2.06
22.5,2.5,0.0,0.0,0.0,-0.79,0.0,2.0
22.5,7.5,6.0,2.0,4.0,-0.199,-1.196,2.06
22.5,12.5,2.0,1.0,2.0,0.149,0.298,2.24
22.5,17.5,1.0,1.0,2.0,1.079,1.079,2.5
22.5,22.5,2.0,1.0,2.0,0.325,0.65,2.83
22.5,27.5,0.0,0.0,0.0,-0.575,0.0,3.2
22.5,32.5,3.0,1.0,2.0,0.043,0.13,3.61
22.5,37.5,1.0,0.0,0.0,-0.564,-0.564,4.03
22.5,42.5,3.0,2.0,4.0,0.699,2.098,4.47
22.5,47.5,0.0,0.0,0.0,-0.514,0.0,4.92
22.5,52.5,0.0,0.0,0.0,-0.687,0.0,5.39
22.5,57.5,0.0,0.0,0.0,-0.771,0.0,5.85
22.5,62.5,0.0,0.0,0.0,-0.864,0.0,6.32
22.5,67.5,1.0,0.0,0.0,-0.964,-0.964,6.8
22.5,72.5,1.0,0.0,0.0,-1.283,-1.283,7.28
27.5,-72.5,1.0,0.0,0.0,-0.78,-0.78,7.91
27.5,-67.5,2.0,1.0,3.0,0.175,0.35,7.43
27.5,-62.5,1.0,1.0,3.0,1.798,1.798,6.96
27.5,-57.5,0.0,0.0,0.0,-1.055,0.0,6.5
27.5,-52.5,0.0,0.0,0.0,-0.799,0.0,6.04
27.5,-47.5,0.0,0.0,0.0,-0.663,0.0,5.59
27.5,-42.5,1.0,1.0,2.0,1.42,1.42,5.15
27.5,-37.5,1.0,0.0,0.0,-0.646,-0.646,4.72
27.5,-32.5,2.0,1.0,2.0,0.287,0.574,4.3
27.5,-27.5,0.0,0.0,0.0,-0.716,0.0,3.91
27.5,-22.5,1.0,0.0,0.0,-0.756,-0.756,3.54
27.5,-17.5,2.0,1.0,2.0,0.153,0.306,3.2
27.5,-12.5,1.0,0.0,0.0,-0.77,-0.77,2.92
27.5,-7.5,1.0,1.0,2.0,1.23,1.23,2.69
27.5,-2.5,4.0,1.0,2.0,-0.226,-0.903,2.55
27.5,2.5,8.0,2.0,4.0,-0.232,-1.854,2.5
27.5,7.5,6.0,3.0,6.0,0.28,1.68,2.55
27.5,12.5,2.0,1.0,2.0,0.244,0.488,2.69
27.5,17.5,1.0,0.0,0.0,-0.655,-0.655,2.92
27.5,22.5,1.0,0.0,0.0,-0.65,-0.65,3.2
27.5,27.5,2.0,0.0,0.0,-0.588,-1.175,3.54
27.5,32.5,0.0,0.0,0.0,-0.684,0.0,3.91
27.5,37.5,0.0,0.0,0.0,-0.545,0.0,4.3
27.5,42.5,1.0,0.0,0.0,-0.606,-0.606,4.72
27.5,47.5,1.0,0.0,0.0,-0.563,-0.563,5.15
27.5,52.5,1.0,0.0,0.0,-0.805,-0.805,5.59
27.5,57.5,0.0,0.0,0.0,-0.819,0.0,6.04
27.5,62.5,0.0,0.0,0.0,-1.006,0.0,6.5
27.5,67.5,1.0,0.0,0.0,-0.76,-0.76,6.96
27.5,72.5,0.0,0.0,0.0,-1.041,0.0,7.43
32.5,-72.5,0.0,0.0,0.0,-0.718,0.0,8.08
32.5,-67.5,3.0,2.0,6.0,0.659,1.978,7.62
32.5,-62.5,0.0,0.0,0.0,-0.719,0.0,7.16
32.5,-57.5,0.0,0.0,0.0,-0.87,0.0,6.71
32.5,-52.5,0.0,0.0,0.0,-0.773,0.0,6.26
32.5,-47.5,0.0,0.0,0.0,-0.676,0.0,5.83
32.5,-42.5,3.0,1.0,2.0,0.019,0.057,5.41
32.5,-37.5,1.0,0.0,0.0,-0.571,-0.571,5.0
32.5,-32.5,1.0,1.0,2.0,1.489,1.489,4.61
32.5,-27.5,0.0,0.0,0.0,-0.745,0.0,4.24
32.5,-22.5,1.0,0.0,0.0,-0.66,-0.66,3.91
32.5,-17.5,2.0,1.0,2.0,0.254,0.508,3.61
32.5,-12.5,1.0,1.0,2.0,1.334,1.334,3.35
32.5,-7.5,0.0,0.0,0.0,-0.744,0.0,3.16
32.5,-2.5,4.0,0.0,0.0,-0.704,-2.816,3.04
32.5,2.5,4.0,0.0,0.0,-0.589,-2.355,3.0
32.5,7.5,1.0,1.0,2.0,1.356,1.356,3.04
32.5,12.5,1.0,0.0,0.0,-0.749,-0.749,3.16
32.5,17.5,1.0,0.0,0.0,-0.669,-0.669,3.35
32.5,22.5,2.0,1.0,2.0,0.358,0.715,3.61
32.5,27.5,0.0,0.0,0.0,-0.67,0.0,3.91
32.5,32.5,3.0,0.0,0.0,-0.606,-1.818,4.24
32.5,37.5,2.0,1.0,2.0,0.167,0.333,4.61
32.5,42.5,0.0,0.0,0.0,-0.756,0.0,5.0
32.5,47.5,1.0,0.0,0.0,-0.803,-0.803,5.41
32.5,52.5,0.0,0.0,0.0,-0.822,0.0,5.83
32.5,57.5,0.0,0.0,0.0,-0.842,0.0,6.26
32.5,62.5,1.0,0.0,0.0,-0.849,-0.849,6.71
32.5,67.5,5.0,1.0,3.0,-0.291,-1.453,7.16
32.5,72.5,1.0,1.0,3.0,2.118,2.118,7.62
37.5,-72.5,0.0,0.0,0.0,-0.65,0.0,8.28
37.5,-67.5,0.0,0.0,0.0,-1.234,0.0,7.83
37.5,-62.5,5.0,1.0,3.0,-0.446,-2.23,7.38
37.5,-57.5,0.0,0.0,0.0,-1.067,0.0,6.95
37.5,-52.5,1.0,0.0,0.0,-0.815,-0.815,6.52
37.5,-47.5,0.0,0.0,0.0,-0.655,0.0,6.1
37.5,-42.5,1.0,0.0,0.0,-0.744,-0.744,5.7
37.5,-37.5,5.0,2.0,4.0,0.137,0.685,5.32
37.5,-32.5,3.0,1.0,2.0,-0.107,-0.322,4.95
37.5,-27.5,1.0,0.0,0.0,-0.714,-0.714,4.61
37.5,-22.5,1.0,1.0,2.0,1.364,1.364,4.3
37.5,-17.5,2.0,2.0,4.0,1.294,2.587,4.03
37.5,-12.5,0.0,0.0,0.0,-0.686,0.0,3.81
37.5,-7.5,2.0,1.0,2.0,0.295,0.591,3.64
37.5,-2.5,1.0,0.0,0.0,-0.745,-0.745,3.54
37.5,2.5,2.0,0.0,0.0,-0.696,-1.392,3.5
37.5,7.5,2.0,0.0,0.0,-0.669,-1.339,3.54
37.5,12.5,0.0,0.0,0.0,-0.603,0.0,3.64
37.5,17.5,1.0,1.0,2.0,1.259,1.259,3.81
37.5,22.5,1.0,0.0,0.0,-0.654,-0.654,4.03
37.5,27.5,2.0,0.0,0.0,-0.68,-1.36,4.3
37.5,32.5,1.0,0.0,0.0,-0.599,-0.599,4.61
37.5,37.5,0.0,0.0,0.0,-0.621,0.0,4.95
37.5,42.5,2.0,0.0,0.0,-0.684,-1.368,5.32
37.5,47.5,0.0,0.0,0.0,-1.05,0.0,5.7
37.5,52.5,0.0,0.0,0.0,-0.945,0.0,6.1
37.5,57.5,0.0,0.0,0.0,-0.739,0.0,6.52
37.5,62.5,2.0,1.0,3.0,0.479,0.958,6.95
37.5,67.5,1.0,0.0,0.0,-0.973,-0.973,7.38
37.5,72.5,2.0,0.0,0.0,-0.645,-1.289,7.83
42.5,-72.5,0.0,0.0,0.0,-0.596,0.0,8.5
42.5,-67.5,1.0,0.0,0.0,-0.898,-0.898,8.06
42.5,-62.5,4.0,2.0,6.0,0.414,1.655,7.63
42.5,-57.5,1.0,0.0,0.0,-0.669,-0.669,7.21
42.5,-52.5,0.0,0.0,0.0,-0.701,0.0,6.8
42.5,-47.5,0.0,0.0,0.0,-0.68,0.0,6.4
42.5,-42.5,1.0,0.0,0.0,-0.786,-0.786,6.02
42.5,-37.5,3.0,1.0,2.0,-0.024,-0.071,5.66
42.5,-32.5,1.0,0.0,0.0,-0.67,-0.67,5.32
42.5,-27.5,0.0,0.0,0.0,-0.457,0.0,5.0
42.5,-22.5,1.0,0.0,0.0,-0.597,-0.597,4.72
42.5,-17.5,2.0,0.0,0.0,-0.63,-1.26,4.47
42.5,-12.5,0.0,0.0,0.0,-0.77,0.0,4.27
42.5,-7.5,0.0,0.0,0.0,-0.748,0.0,4.12
42.5,-2.5,2.0,2.0,4.0,1.206,2.412,4.03
42.5,2.5,0.0,0.0,0.0,-0.688,0.0,4.0
42.5,7.5,2.0,1.0,2.0,0.333,0.667,4.03
42.5,12.5,0.0,0.0,0.0,-0.744,0.0,4.12
42.5,17.5,1.0,0.0,0.0,-0.539,-0.539,4.27
42.5,22.5,1.0,1.0,2.0,1.213,1.213,4.47
42.5,27.5,0.0,0.0,0.0,-0.653,0.0,4.72
42.5,32.5,1.0,0.0,0.0,-0.706,-0.706,5.0
42.5,37.5,1.0,0.0,0.0,-0.759,-0.759,5.32
42.5,42.5,1.0,1.0,2.0,1.108,1.108,5.66
42.5,47.5,0.0,0.0,0.0,-0.999,0.0,6.02
42.5,52.5,0.0,0.0,0.0,-0.84,0.0,6.4
42.5,57.5,1.0,0.0,0.0,-0.964,-0.964,6.8
42.5,62.5,8.0,2.0,6.0,-0.118,-0.943,7.21
42.5,67.5,2.0,0.0,0.0,-0.661,-1.322,7.63
42.5,72.5,0.0,0.0,0.0,-0.941,0.0,8.06
47.5,-72.5,0.0,0.0,0.0,-0.674,0.0,8.75
47.5,-67.5,0.0,0.0,0.0,-1.034,0.0,8.32
47.5,-62.5,3.0,0.0,0.0,-0.829,-2.487,7.91
47.5,-57.5,6.0,2.0,6.0,0.242,1.453,7.5
47.5,-52.5,1.0,1.0,3.0,2.235,2.235,7.11
47.5,-47.5,0.0,0.0,0.0,-0.758,0.0,6.73
47.5,-42.5,1.0,0.0,0.0,-0.836,-0.836,6.36
47.5,-37.5,0.0,0.0,0.0,-0.774,0.0,6.02
47.5,-32.5,1.0,0.0,0.0,-0.663,-0.663,5.7
47.5,-27.5,2.0,0.0,0.0,-0.603,-1.205,5.41
47.5,-22.5,1.0,0.0,0.0,-0.616,-0.616,5.15
47.5,-17.5,0.0,0.0,0.0,-0.695,0.0,4.92
47.5,-12.5,0.0,0.0,0.0,-0.758,0.0,4.74
47.5,-7.5,0.0,0.0,0.0,-0.775,0.0,4.61
47.5,-2.5,2.0,2.0,4.0,1.053,2.105,4.53
47.5,2.5,2.0,1.0,2.0,0.267,0.534,4.5
47.5,7.5,0.0,0.0,0.0,-0.783,0.0,4.53
47.5,12.5,0.0,0.0,0.0,-0.559,0.0,4.61
47.5,17.5,2.0,1.0,2.0,0.458,0.915,4.74
47.5,22.5,1.0,0.0,0.0,-0.537,-0.537,4.92
47.5,27.5,0.0,0.0,0.0,-0.704,0.0,5.15
47.5,32.5,0.0,0.0,0.0,-0.676,0.0,5.41
47.5,37.5,0.0,0.0,0.0,-0.788,0.0,5.7
47.5,42.5,1.0,0.0,0.0,-0.908,-0.908,6.02
47.5,47.5,0.0,0.0,0.0,-0.811,0.0,6.36
47.5,52.5,2.0,2.0,6.0,1.765,3.531,6.73
47.5,57.5,8.0,3.0,9.0,-0.068,-0.544,7.11
47.5,62.5,3.0,1.0,3.0,0.097,0.292,7.5
47.5,67.5,1.0,0.0,0.0,-0.689,-0.689,7.91
47.5,72.5,0.0,0.0,0.0,-0.682,0.0,8.32
52.5,-72.5,0.0,0.0,0.0,-0.697,0.0,9.01
52.5,-67.5,0.0,0.0,0.0,-0.931,0.0,8.6
52.5,-62.5,0.0,0.0,0.0,-0.774,0.0,8.2
52.5,-57.5,2.0,0.0,0.0,-0.728,-1.457,7.81
52.5,-52.5,6.0,3.0,9.0,0.491,2.946,7.43
52.5,-47.5,1.0,1.0,3.0,2.19,2.19,7.07
52.5,-42.5,0.0,0.0,0.0,-0.903,0.0,6.73
52.5,-37.5,0.0,0.0,0.0,-0.864,0.0,6.4
52.5,-32.5,1.0,1.0,2.0,1.154,1.154,6.1
52.5,-27.5,0.0,0.0,0.0,-0.771,0.0,5.83
52.5,-22.5,0.0,0.0,0.0,-0.706,0.0,5.59
52.5,-17.5,1.0,0.0,0.0,-0.709,-0.709,5.39
52.5,-12.5,1.0,0.0,0.0,-0.746,-0.746,5.22
52.5,-7.5,0.0,0.0,0.0,-0.744,0.0,5.1
52.5,-2.5,1.0,0.0,0.0,-0.878,-0.878,5.02
52.5,2.5,1.0,0.0,0.0,-0.637,-0.637,5.0
52.5,7.5,0.0,0.0,0.0,-0.845,0.0,5.02
52.5,12.5,0.0,0.0,0.0,-0.722,0.0,5.1
52.5,17.5,1.0,1.0,2.0,1.265,1.265,5.22
52.5,22.5,1.0,0.0,0.0,-0.688,-0.688,5.39
52.5,27.5,0.0,0.0,0.0,-0.795,0.0,5.59
52.5,32.5,0.0,0.0,0.0,-0.84,0.0,5.83
52.5,37.5,0.0,0.0,0.0,-0.836,0.0,6.1
52.5,42.5,0.0,0.0,0.0,-0.839,0.0,6.4
52.5,47.5,0.0,0.0,0.0,-1.082,0.0,6.73
52.5,52.5,5.0,1.0,3.0,-0.272,-1.362,7.07
52.5,57.5,5.0,2.0,6.0,0.373,1.866,7.43
52.5,62.5,0.0,0.0,0.0,-0.849,0.0,7.81
52.5,67.5,1.0,1.0,3.0,2.117,2.117,8.2
52.5,72.5,0.0,0.0,0.0,-0.809,0.0,8.6
57.5,-72.5,0.0,0.0,0.0,-0.566,0.0,9.3
57.5,-67.5,1.0,0.0,0.0,-0.612,-0.612,8.9
57.5,-62.5,1.0,0.0,0.0,-0.786,-0.786,8.51
57.5,-57.5,2.0,0.0,0.0,-0.616,-1.232,8.14
57.5,-52.5,4.0,1.0,3.0,-0.194,-0.775,7.78
57.5,-47.5,5.0,3.0,9.0,0.794,3.971,7.43
57.5,-42.5,3.0,1.0,3.0,0.006,0.018,7.11
57.5,-37.5,1.0,0.0,0.0,-0.721,-0.721,6.8
57.5,-32.5,0.0,0.0,0.0,-0.785,0.0,6.52
57.5,-27.5,0.0,0.0,0.0,-0.718,0.0,6.26
57.5,-22.5,0.0,0.0,0.0,-0.86,0.0,6.04
57.5,-17.5,0.0,0.0,0.0,-0.78,0.0,5.85
57.5,-12.5,0.0,0.0,0.0,-0.77,0.0,5.7
57.5,-7.5,0.0,0.0,0.0,-0.778,0.0,5.59
57.5,-2.5,0.0,0.0,0.0,-0.787,0.0,5.52
57.5,2.5,1.0,1.0,2.0,1.092,1.092,5.5
57.5,7.5,1.0,1.0,2.0,1.085,1.085,5.52
57.5,12.5,1.0,1.0,2.0,1.23,1.23,5.59
57.5,17.5,0.0,0.0,0.0,-0.841,0.0,5.7
57.5,22.5,0.0,0.0,0.0,-0.72,0.0,5.85
57.5,27.5,0.0,0.0,0.0,-0.766,0.0,6.04
57.5,32.5,0.0,0.0,0.0,-0.791,0.0,6.26
57.5,37.5,0.0,0.0,0.0,-0.84,0.0,6.52
57.5,42.5,3.0,0.0,0.0,-0.786,-2.359,6.8
57.5,47.5,4.0,1.0,3.0,-0.144,-0.576,7.11
57.5,52.5,4.0,1.0,3.0,-0.451,-1.802,7.43
57.5,57.5,2.0,0.0,0.0,-0.831,-1.662,7.78
57.5,62.5,2.0,1.0,3.0,0.5,1.001,8.14
57.5,67.5,1.0,0.0,0.0,-0.82,-0.82,8.51
57.5,72.5,0.0,0.0,0.0,-0.814,0.0,8.9
62.5,-72.5,0.0,0.0,0.0,-0.621,0.0,9.6
62.5,-67.5,0.0,0.0,0.0,-0.702,0.0,9.22
62.5,-62.5,1.0,0.0,0.0,-0.694,-0.694,8.85
62.5,-57.5,1.0,1.0,3.0,2.238,2.238,8.49
62.5,-52.5,2.0,1.0,3.0,0.808,1.617,8.14
62.5,-47.5,2.0,1.0,3.0,0.418,0.837,7.81
62.5,-42.5,8.0,4.0,12.0,0.636,5.085,7.5
62.5,-37.5,4.0,1.0,3.0,-0.226,-0.904,7.21
62.5,-32.5,1.0,0.0,0.0,-0.994,-0.994,6.95
62.5,-27.5,0.0,0.0,0.0,-0.897,0.0,6.71
62.5,-22.5,0.0,0.0,0.0,-1.08,0.0,6.5
62.5,-17.5,0.0,0.0,0.0,-0.762,0.0,6.32
62.5,-12.5,0.0,0.0,0.0,-0.717,0.0,6.18
62.5,-7.5,0.0,0.0,0.0,-0.745,0.0,6.08
62.5,-2.5,1.0,0.0,0.0,-0.739,-0.739,6.02
62.5,2.5,1.0,0.0,0.0,-0.869,-0.869,6.0
62.5,7.5,0.0,0.0,0.0,-1.055,0.0,6.02
62.5,12.5,0.0,0.0,0.0,-0.822,0.0,6.08
62.5,17.5,0.0,0.0,0.0,-0.674,0.0,6.18
62.5,22.5,0.0,0.0,0.0,-0.737,0.0,6.32
62.5,27.5,0.0,0.0,0.0,-0.811,0.0,6.5
62.5,32.5,1.0,1.0,3.0,1.855,1.855,6.71
62.5,37.5,2.0,0.0,0.0,-1.026,-2.052,6.95
62.5,42.5,4.0,2.0,6.0,0.729,2.915,7.21
62.5,47.5,3.0,0.0,0.0,-0.825,-2.475,7.5
62.5,52.5,1.0,0.0,0.0,-0.701,-0.701,7.81
62.5,57.5,2.0,1.0,3.0,0.594,1.189,8.14
62.5,62.5,3.0,1.0,3.0,0.23,0.691,8.49
62.5,67.5,0.0,0.0,0.0,-0.611,0.0,8.85
62.5,72.5,0.0,0.0,0.0,-0.807,0.0,9.22
67.5,-72.5,0.0,0.0,0.0,-0.399,0.0,9.92
67.5,-67.5,1.0,0.0,0.0,-0.582,-0.582,9.55
67.5,-62.5,0.0,0.0,0.0,-0.766,0.0,9.19
67.5,-57.5,0.0,0.0,0.0,-0.954,0.0,8.85
67.5,-52.5,2.0,0.0,0.0,-0.759,-1.519,8.51
67.5,-47.5,0.0,0.0,0.0,-0.944,0.0,8.2
67.5,-42.5,4.0,2.0,6.0,0.643,2.574,7.91
67.5,-37.5,4.0,1.0,3.0,-0.106,-0.424,7.63
67.5,-32.5,3.0,0.0,0.0,-0.669,-2.007,7.38
67.5,-27.5,1.0,0.0,0.0,-0.917,-0.917,7.16
67.5,-22.5,1.0,1.0,3.0,1.796,1.796,6.96
67.5,-17.5,0.0,0.0,0.0,-0.628,0.0,6.8
67.5,-12.5,0.0,0.0,0.0,-0.773,0.0,6.67
67.5,-7.5,0.0,0.0,0.0,-0.833,0.0,6.58
67.5,-2.5,0.0,0.0,0.0,-0.732,0.0,6.52
67.5,2.5,0.0,0.0,0.0,-0.892,0.0,6.5
67.5,7.5,0.0,0.0,0.0,-0.88,0.0,6.52
67.5,12.5,1.0,1.0,3.0,1.922,1.922,6.58
67.5,17.5,0.0,0.0,0.0,-0.878,0.0,6.67
67.5,22.5,0.0,0.0,0.0,-0.854,0.0,6.8
67.5,27.5,0.0,0.0,0.0,-0.862,0.0,6.96
67.5,32.5,1.0,0.0,0.0,-0.79,-0.79,7.16
67.5,37.5,5.0,1.0,3.0,-0.24,-1.198,7.38
67.5,42.5,6.0,1.0,3.0,-0.091,-0.543,7.63
67.5,47.5,3.0,0.0,0.0,-0.755,-2.265,7.91
67.5,52.5,3.0,1.0,3.0,0.077,0.23,8.2
67.5,57.5,0.0,0.0,0.0,-0.98,0.0,8.51
67.5,62.5,0.0,0.0,0.0,-0.784,0.0,8.85
67.5,67.5,0.0,0.0,0.0,-0.72,0.0,9.19
67.5,72.5,0.0,0.0,0.0,-1.035,0.0,9.55
72.5,-72.5,0.0,0.0,0.0,-0.5,0.0,10.26
72.5,-67.5,0.0,0.0,0.0,-0.493,0.0,9.9
72.5,-62.5,0.0,0.0,0.0,-0.753,0.0,9.55
72.5,-57.5,0.0,0.0,0.0,-0.771,0.0,9.22
72.5,-52.5,0.0,0.0,0.0,-0.663,0.0,8.9
72.5,-47.5,0.0,0.0,0.0,-0.77,0.0,8.6
72.5,-42.5,1.0,1.0,3.0,2.153,2.153,8.32
72.5,-37.5,2.0,0.0,0.0,-0.707,-1.415,8.06
72.5,-32.5,0.0,0.0,0.0,-1.038,0.0,7.83
72.5,-27.5,1.0,1.0,3.0,2.133,2.133,7.62
72.5,-22.5,3.0,2.0,6.0,1.085,3.256,7.43
72.5,-17.5,2.0,0.0,0.0,-0.643,-1.286,7.28
72.5,-12.5,0.0,0.0,0.0,-0.802,0.0,7.16
72.5,-7.5,0.0,0.0,0.0,-1.032,0.0,7.07
72.5,-2.5,1.0,1.0,3.0,2.22,2.22,7.02
72.5,2.5,2.0,1.0,3.0,0.75,1.499,7.0
72.5,7.5,3.0,0.0,0.0,-0.759,-2.276,7.02
72.5,12.5,2.0,0.0,0.0,-0.993,-1.987,7.07
72.5,17.5,0.0,0.0,0.0,-0.608,0.0,7.16
72.5,22.5,2.0,0.0,0.0,-0.817,-1.634,7.28
72.5,27.5,2.0,2.0,6.0,2.236,4.472,7.43
72.5,32.5,2.0,0.0,0.0,-0.81,-1.62,7.62
72.5,37.5,0.0,0.0,0.0,-0.622,0.0,7.83
72.5,42.5,1.0,0.0,0.0,-0.805,-0.805,8.06
72.5,47.5,0.0,0.0,0.0,-0.635,0.0,8.32
72.5,52.5,0.0,0.0,0.0,-0.704,0.0,8.6
72.5,57.5,0.0,0.0,0.0,-0.574,0.0,8.9
72.5,62.5,1.0,0.0,0.0,-0.562,-0.562,9.22
72.5,67.5,0.0,0.0,0.0,-0.797,0.0,9.55
72.5,72.5,0.0,0.0,0.0,-0.563,0.0,9.9
77.5,-72.5,0.0,0.0,0.0,-0.6,0.0,10.61
77.5,-67.5,1.0,0.0,0.0,-0.381,-0.381,10.26
77.5,-62.5,0.0,0.0,0.0,-0.699,0.0,9.92
77.5,-57.5,1.0,1.0,3.0,1.922,1.922,9.6
77.5,-52.5,0.0,0.0,0.0,-0.678,0.0,9.3
77.5,-47.5,1.0,0.0,0.0,-0.711,-0.711,9.01
77.5,-42.5,0.0,0.0,0.0,-0.667,0.0,8.75
77.5,-37.5,0.0,0.0,0.0,-0.898,0.0,8.5
77.5,-32.5,1.0,0.0,0.0,-0.584,-0.584,8.28
77.5,-27.5,2.0,0.0,0.0,-0.745,-1.49,8.08
77.5,-22.5,1.0,0.0,0.0,-0.811,-0.811,7.91
77.5,-17.5,3.0,0.0,0.0,-0.715,-2.145,7.76
77.5,-12.5,1.0,0.0,0.0,-0.711,-0.711,7.65
77.5,-7.5,0.0,0.0,0.0,-0.686,0.0,7.57
77.5,-2.5,2.0,0.0,0.0,-1.003,-2.006,7.52
77.5,2.5,5.0,0.0,0.0,-0.916,-4.58,7.5
77.5,7.5,2.0,0.0,0.0,-0.853,-1.706,7.52
77.5,12.5,2.0,0.0,0.0,-1.072,-2.145,7.57
77.5,17.5,1.0,0.0,0.0,-0.908,-0.908,7.65
77.5,22.5,1.0,0.0,0.0,-0.577,-0.577,7.76
77.5,27.5,1.0,0.0,0.0,-0.917,-0.917,7.91
77.5,32.5,0.0,0.0,0.0,-0.693,0.0,8.08
77.5,37.5,0.0,0.0,0.0,-0.777,0.0,8.28
77.5,42.5,0.0,0.0,0.0,-0.711,0.0,8.5
77.5,47.5,0.0,0.0,0.0,-0.783,0.0,8.75
77.5,52.5,0.0,0.0,0.0,-0.556,0.0,9.01
77.5,57.5,0.0,0.0,0.0,-0.444,0.0,9.3
77.5,62.5,1.0,0.0,0.0,-0.438,-0.438,9.6
77.5,67.5,0.0,0.0,0.0,-0.6,0.0,9.92
77.5,72.5,0.0,0.0,0.0,-0.514,0.0,10.26
82.5,-72.5,0.0,0.0,0.0,-0.6,0.0,10.97
82.5,-67.5,0.0,0.0,0.0,-0.453,0.0,10.63
82.5,-62.5,0.0,0.0,0.0,-0.592,0.0,10.31
82.5,-57.5,0.0,0.0,0.0,-0.645,0.0,10.0
82.5,-52.5,0.0,0.0,0.0,-0.35,0.0,9.71
82.5,-47.5,0.0,0.0,0.0,-0.652,0.0,9.43
82.5,-42.5,0.0,0.0,0.0,-0.48,0.0,9.18
82.5,-37.5,0.0,0.0,0.0,-0.667,0.0,8.94
82.5,-32.5,0.0,0.0,0.0,-0.636,0.0,8.73
82.5,-27.5,0.0,0.0,0.0,-0.498,0.0,8.54
82.5,-22.5,1.0,0.0,0.0,-0.597,-0.597,8.38
82.5,-17.5,1.0,0.0,0.0,-0.74,-0.74,8.25
82.5,-12.5,1.0,0.0,0.0,-0.774,-0.774,8.14
82.5,-7.5,1.0,0.0,0.0,-0.598,-0.598,8.06
82.5,-2.5,1.0,1.0,3.0,2.399,2.399,8.02
82.5,2.5,1.0,0.0,0.0,-0.743,-0.743,8.0
82.5,7.5,0.0,0.0,0.0,-0.549,0.0,8.02
82.5,12.5,1.0,1.0,3.0,1.994,1.994,8.06
82.5,17.5,0.0,0.0,0.0,-0.694,0.0,8.14
82.5,22.5,0.0,0.0,0.0,-0.571,0.0,8.25
82.5,27.5,0.0,0.0,0.0,-0.542,0.0,8.38
82.5,32.5,0.0,0.0,0.0,-0.676,0.0,8.54
82.5,37.5,0.0,0.0,0.0,-0.668,0.0,8.73
82.5,42.5,0.0,0.0,0.0,-0.613,0.0,8.94
82.5,47.5,0.0,0.0,0.0,-1.002,0.0,9.18
82.5,52.5,0.0,0.0,0.0,-0.581,0.0,9.43
82.5,57.5,0.0,0.0,0.0,-0.338,0.0,9.71
82.5,62.5,0.0,0.0,0.0,-0.6,0.0,10.0
82.5,67.5,0.0,0.0,0.0,-0.517,0.0,10.31
82.5,72.5,0.0,0.0,0.0,-0.149,0.0,10.63
87.5,-72.5,0.0,0.0,0.0,-0.216,0.0,11.34
87.5,-67.5,0.0,0.0,0.0,-0.387,0.0,11.01
87.5,-62.5,0.0,0.0,0.0,-0.273,0.0,10.7
87.5,-57.5,0.0,0.0,0.0,-0.42,0.0,10.4
87.5,-52.5,0.0,0.0,0.0,-0.48,0.0,10.12
87.5,-47.5,0.0,0.0,0.0,-0.294,0.0,9.86
87.5,-42.5,0.0,0.0,0.0,-0.552,0.0,9.62
87.5,-37.5,0.0,0.0,0.0,-0.374,0.0,9.39
87.5,-32.5,0.0,0.0,0.0,-0.448,0.0,9.19
87.5,-27.5,0.0,0.0,0.0,-0.516,0.0,9.01
87.5,-22.5,0.0,0.0,0.0,-0.592,0.0,8.86
87.5,-17.5,0.0,0.0,0.0,-0.723,0.0,8.73
87.5,-12.5,0.0,0.0,0.0,-0.735,0.0,8.63
87.5,-7.5,0.0,0.0,0.0,-0.671,0.0,8.56
87.5,-2.5,0.0,0.0,0.0,-1.113,0.0,8.51
87.5,2.5,0.0,0.0,0.0,-0.723,0.0,8.5
87.5,7.5,0.0,0.0,0.0,-0.59,0.0,8.51
87.5,12.5,0.0,0.0,0.0,-0.683,0.0,8.56
87.5,17.5,0.0,0.0,0.0,-0.599,0.0,8.63
87.5,22.5,0.0,0.0,0.0,-0.593,0.0,8.73
87.5,27.5,0.0,0.0,0.0,-0.663,0.0,8.86
87.5,32.5,0.0,0.0,0.0,-0.404,0.0,9.01
87.5,37.5,0.0,0.0,0.0,-0.39,0.0,9.19
87.5,42.5,0.0,0.0,0.0,-0.514,0.0,9.39
87.5,47.5,0.0,0.0,0.0,-0.475,0.0,9.62
87.5,52.5,0.0,0.0,0.0,-0.456,0.0,9.86
87.5,57.5,0.0,0.0,0.0,-0.234,0.0,10.12
87.5,62.5,0.0,0.0,0.0,-0.267,0.0,10.4
87.5,67.5,0.0,0.0,0.0,-0.237,0.0,10.7
87.5,72.5,0.0,0.0,0.0,-0.182,0.0,11.01
92.5,-72.5,0.0,0.0,0.0,-0.667,0.0,11.72
92.5,-67.5,0.0,0.0,0.0,-0.462,0.0,11.4
92.5,-62.5,0.0,0.0,0.0,-0.414,0.0,11.1
92.5,-57.5,0.0,0.0,0.0,-0.281,0.0,10.82
92.5,-52.5,0.0,0.0,0.0,-0.193,0.0,10.55
92.5,-47.5,0.0,0.0,0.0,-0.396,0.0,10.3
92.5,-42.5,0.0,0.0,0.0,-0.391,0.0,10.06
92.5,-37.5,0.0,0.0,0.0,-0.39,0.0,9.85
92.5,-32.5,0.0,0.0,0.0,-0.375,0.0,9.66
92.5,-27.5,0.0,0.0,0.0,-0.421,0.0,9.49
92.5,-22.5,0.0,0.0,0.0,-0.488,0.0,9.34
92.5,-17.5,0.0,0.0,0.0,-0.57,0.0,9.22
92.5,-12.5,0.0,0.0,0.0,-0.43,0.0,9.12
92.5,-7.5,1.0,0.0,0.0,-0.509,-0.509,9.06
92.5,-2.5,0.0,0.0,0.0,-0.674,0.0,9.01
92.5,2.5,0.0,0.0,0.0,-0.689,0.0,9.0
92.5,7.5,0.0,0.0,0.0,-0.674,0.0,9.01
92.5,12.5,0.0,0.0,0.0,-0.707,0.0,9.06
92.5,17.5,0.0,0.0,0.0,-0.654,0.0,9.12
92.5,22.5,0.0,0.0,0.0,-0.607,0.0,9.22
92.5,27.5,0.0,0.0,0.0,-0.36,0.0,9.34
92.5,32.5,0.0,0.0,0.0,-0.45,0.0,9.49
92.5,37.5,0.0,0.0,0.0,-0.417,0.0,9.66
92.5,42.5,0.0,0.0,0.0,-0.492,0.0,9.85
92.5,47.5,0.0,0.0,0.0,-0.383,0.0,10.06
92.5,52.5,0.0,0.0,0.0,-0.236,0.0,10.3
92.5,57.5,0.0,0.0,0.0,-0.3,0.0,10.55
92.5,62.5,0.0,0.0,0.0,-0.169,0.0,10.82
92.5,67.5,0.0,0.0,0.0,-0.231,0.0,11.1
92.5,72.5,0.0,0.0,0.0,-0.273,0.0,11.4
97.5,-72.5,0.0,0.0,0.0,-0.462,0.0,12.1
97.5,-67.5,0.0,0.0,0.0,-0.3,0.0,11.8
97.5,-62.5,0.0,0.0,0.0,-0.261,0.0,11.51
97.5,-57.5,0.0,0.0,0.0,-0.24,0.0,11.24
97.5,-52.5,0.0,0.0,0.0,-0.054,0.0,10.98
97.5,-47.5,0.0,0.0,0.0,-0.018,0.0,10.74
97.5,-42.5,0.0,0.0,0.0,-0.214,0.0,10.51
97.5,-37.5,0.0,0.0,0.0,-0.2,0.0,10.31
97.5,-32.5,0.0,0.0,0.0,-0.278,0.0,10.12
97.5,-27.5,0.0,0.0,0.0,-0.339,0.0,9.96
97.5,-22.5,0.0,0.0,0.0,-0.309,0.0,9.82
97.5,-17.5,0.0,0.0,0.0,-0.402,0.0,9.71
97.5,-12.5,0.0,0.0,0.0,-0.429,0.0,9.62
97.5,-7.5,0.0,0.0,0.0,-0.189,0.0,9.55
97.5,-2.5,0.0,0.0,0.0,-0.237,0.0,9.51
97.5,2.5,0.0,0.0,0.0,-0.229,0.0,9.5
97.5,7.5,0.0,0.0,0.0,-0.433,0.0,9.51
97.5,12.5,0.0,0.0,0.0,-0.441,0.0,9.55
97.5,17.5,0.0,0.0,0.0,-0.375,0.0,9.62
97.5,22.5,0.0,0.0,0.0,-0.353,0.0,9.71
97.5,27.5,0.0,0.0,0.0,-0.436,0.0,9.82
97.5,32.5,0.0,0.0,0.0,-0.353,0.0,9.96
97.5,37.5,0.0,0.0,0.0,-0.225,0.0,10.12
97.5,42.5,0.0,0.0,0.0,-0.102,0.0,10.31
97.5,47.5,0.0,0.0,0.0,-0.24,0.0,10.51
97.5,52.5,0.0,0.0,0.0,-0.137,0.0,10.74
97.5,57.5,0.0,0.0,0.0,-0.36,0.0,10.98
97.5,62.5,0.0,0.0,0.0,-0.375,0.0,11.24
97.5,67.5,0.0,0.0,0.0,-0.286,0.0,11.51
97.5,72.5,0.0,0.0,0.0,-0.1,0.0,11.8
102.5,-72.5,0.0,0.0,0.0,-0.273,0.0,12.5
102.5,-67.5,0.0,0.0,0.0,-0.429,0.0,12.21
102.5,-62.5,0.0,0.0,0.0,-0.122,0.0,11.93
102.5,-57.5,0.0,0.0,0.0,-0.3,0.0,11.66
102.5,-52.5,0.0,0.0,0.0,-2.29,0.0,11.41
102.5,-47.5,0.0,0.0,0.0,-0.25,0.0,11.18
102.5,-42.5,0.0,0.0,0.0,-0.24,0.0,10.97
102.5,-37.5,0.0,0.0,0.0,-0.115,0.0,10.77
102.5,-32.5,0.0,0.0,0.0,0.0,0.0,10.59
102.5,-27.5,0.0,0.0,0.0,-0.182,0.0,10.44
102.5,-22.5,0.0,0.0,0.0,-0.154,0.0,10.31
102.5,-17.5,0.0,0.0,0.0,-0.357,0.0,10.2
102.5,-12.5,0.0,0.0,0.0,-0.533,0.0,10.11
102.5,-7.5,0.0,0.0,0.0,-0.471,0.0,10.05
102.5,-2.5,0.0,0.0,0.0,-0.471,0.0,10.01
102.5,2.5,0.0,0.0,0.0,-0.453,0.0,10.0
102.5,7.5,0.0,0.0,0.0,-0.48,0.0,10.01
102.5,12.5,0.0,0.0,0.0,-0.545,0.0,10.05
102.5,17.5,0.0,0.0,0.0,-0.225,0.0,10.11
102.5,22.5,0.0,0.0,0.0,-0.154,0.0,10.2
102.5,27.5,0.0,0.0,0.0,-0.188,0.0,10.31
102.5,32.5,0.0,0.0,0.0,0.0,0.0,10.44
102.5,37.5,0.0,0.0,0.0,-0.125,0.0,10.59
102.5,42.5,0.0,0.0,0.0,-0.25,0.0,10.77
102.5,47.5,0.0,0.0,0.0,-0.25,0.0,10.97
102.5,52.5,0.0,0.0,0.0,-0.261,0.0,11.18
102.5,57.5,0.0,0.0,0.0,-0.316,0.0,11.41
102.5,62.5,0.0,0.0,0.0,-0.375,0.0,11.66
102.5,67.5,0.0,0.0,0.0,-0.4,0.0,11.93
102.5,72.5,0.0,0.0,0.0,-0.25,0.0,12.21
107.5,-72.5,0.0,0.0,0.0,-0.333,0.0,12.9
107.5,-67.5,0.0,0.0,0.0,-0.462,0.0,12.62
107.5,-62.5,0.0,0.0,0.0,-0.643,0.0,12.35
107.5,-57.5,0.0,0.0,0.0,-0.562,0.0,12.09
107.5,-52.5,0.0,0.0,0.0,-0.5,0.0,11.85
107.5,-47.5,0.0,0.0,0.0,-0.45,0.0,11.63
107.5,-42.5,0.0,0.0,0.0,-0.099,0.0,11.42
107.5,-37.5,0.0,0.0,0.0,-0.286,0.0,11.24
107.5,-32.5,0.0,0.0,0.0,-0.3,0.0,11.07
107.5,-27.5,0.0,0.0,0.0,-0.3,0.0,10.92
107.5,-22.5,0.0,0.0,0.0,-0.13,0.0,10.79
107.5,-17.5,0.0,0.0,0.0,-0.03,0.0,10.69
107.5,-12.5,0.0,0.0,0.0,-0.068,0.0,10.61
107.5,-7.5,0.0,0.0,0.0,-0.222,0.0,10.55
107.5,-2.5,0.0,0.0,0.0,-0.115,0.0,10.51
107.5,2.5,0.0,0.0,0.0,-0.115,0.0,10.5
107.5,7.5,0.0,0.0,0.0,-0.25,0.0,10.51
107.5,12.5,0.0,0.0,0.0,-0.273,0.0,10.55
107.5,17.5,0.0,0.0,0.0,-0.273,0.0,10.61
107.5,22.5,0.0,0.0,0.0,-0.15,0.0,10.69
107.5,27.5,0.0,0.0,0.0,-0.3,0.0,10.79
107.5,32.5,0.0,0.0,0.0,-0.286,0.0,10.92
107.5,37.5,0.0,0.0,0.0,-0.261,0.0,11.07
107.5,42.5,0.0,0.0,0.0,-0.261,0.0,11.24
107.5,47.5,0.0,0.0,0.0,-0.316,0.0,11.42
107.5,52.5,0.0,0.0,0.0,-0.353,0.0,11.63
107.5,57.5,0.0,0.0,0.0,-0.353,0.0,11.85
107.5,62.5,0.0,0.0,0.0,-0.231,0.0,12.09
107.5,67.5,0.0,0.0,0.0,0.0,0.0,12.35
107.5,72.5,0.0,0.0,0.0,-0.333,0.0,12.62
112.5,-72.5,0.0,0.0,0.0,-0.667,0.0,13.31
112.5,-67.5,0.0,0.0,0.0,-0.545,0.0,13.04
112.5,-62.5,0.0,0.0,0.0,-0.5,0.0,12.78
112.5,-57.5,0.0,0.0,0.0,-0.6,0.0,12.53
112.5,-52.5,0.0,0.0,0.0,-0.643,0.0,12.3
112.5,-47.5,0.0,0.0,0.0,-0.6,0.0,12.08
112.5,-42.5,0.0,0.0,0.0,-0.4,0.0,11.88
112.5,-37.5,0.0,0.0,0.0,-0.353,0.0,11.7
112.5,-32.5,0.0,0.0,0.0,-0.333,0.0,11.54
112.5,-27.5,0.0,0.0,0.0,-0.353,0.0,11.4
112.5,-22.5,0.0,0.0,0.0,-0.333,0.0,11.28
112.5,-17.5,0.0,0.0,0.0,-0.286,0.0,11.18
112.5,-12.5,0.0,0.0,0.0,-0.095,0.0,11.1
112.5,-7.5,0.0,0.0,0.0,-0.286,0.0,11.05
112.5,-2.5,0.0,0.0,0.0,-0.273,0.0,11.01
112.5,2.5,0.0,0.0,0.0,-0.273,0.0,11.0
112.5,7.5,0.0,0.0,0.0,-0.286,0.0,11.01
112.5,12.5,0.0,0.0,0.0,-0.3,0.0,11.05
112.5,17.5,0.0,0.0,0.0,-0.286,0.0,11.1
112.5,22.5,0.0,0.0,0.0,-0.353,0.0,11.18
112.5,27.5,0.0,0.0,0.0,-0.333,0.0,11.28
112.5,32.5,0.0,0.0,0.0,-0.353,0.0,11.4
112.5,37.5,0.0,0.0,0.0,-0.353,0.0,11.54
112.5,42.5,0.0,0.0,0.0,-0.4,0.0,11.7
112.5,47.5,0.0,0.0,0.0,-0.4,0.0,11.88
112.5,52.5,1.0,0.0,0.0,-0.076,-0.076,12.08
112.5,57.5,0.0,0.0,0.0,-0.084,0.0,12.3
112.5,62.5,0.0,0.0,0.0,-0.3,0.0,12.53
112.5,67.5,0.0,0.0,0.0,-0.3,0.0,12.78
112.5,72.5,0.0,0.0,0.0,-0.3,0.0,13.04
117.5,-72.5,0.0,0.0,0.0,-1.0,0.0,13.73
117.5,-67.5,0.0,0.0,0.0,-0.667,0.0,13.46
117.5,-62.5,0.0,0.0,0.0,-0.545,0.0,13.21
117.5,-57.5,0.0,0.0,0.0,-0.5,0.0,12.97
117.5,-52.5,0.0,0.0,0.0,-0.228,0.0,12.75
117.5,-47.5,0.0,0.0,0.0,-0.204,0.0,12.54
117.5,-42.5,0.0,0.0,0.0,-0.5,0.0,12.35
117.5,-37.5,0.0,0.0,0.0,-0.545,0.0,12.18
117.5,-32.5,0.0,0.0,0.0,-0.462,0.0,12.02
117.5,-27.5,0.0,0.0,0.0,-0.4,0.0,11.88
117.5,-22.5,0.0,0.0,0.0,-0.4,0.0,11.77
117.5,-17.5,0.0,0.0,0.0,-0.353,0.0,11.67
117.5,-12.5,0.0,0.0,0.0,-0.136,0.0,11.6
117.5,-7.5,0.0,0.0,0.0,-0.353,0.0,11.54
117.5,-2.5,0.0,0.0,0.0,-0.353,0.0,11.51
117.5,2.5,0.0,0.0,0.0,-2.199,0.0,11.5
117.5,7.5,0.0,0.0,0.0,-0.4,0.0,11.51
117.5,12.5,0.0,0.0,0.0,-0.429,0.0,11.54
117.5,17.5,0.0,0.0,0.0,-0.4,0.0,11.6
117.5,22.5,0.0,0.0,0.0,-0.462,0.0,11.67
117.5,27.5,0.0,0.0,0.0,-0.462,0.0,11.77
117.5,32.5,0.0,0.0,0.0,-0.185,0.0,11.88
117.5,37.5,0.0,0.0,0.0,-0.5,0.0,12.02
117.5,42.5,0.0,0.0,0.0,-0.3,0.0,12.18
117.5,47.5,0.0,0.0,0.0,0.0,0.0,12.35
117.5,52.5,0.0,0.0,0.0,-0.333,0.0,12.54
117.5,57.5,0.0,0.0,0.0,-0.3,0.0,12.75
117.5,62.5,0.0,0.0,0.0,-0.333,0.0,12.97
117.5,67.5,0.0,0.0,0.0,-0.375,0.0,13.21
117.5,72.5,0.0,0.0,0.0,-0.429,0.0,13.46
122.5,-72.5,0.0,0.0,0.0,-1.2,0.0,14.15
122.5,-67.5,0.0,0.0,0.0,-1.0,0.0,13.89
122.5,-62.5,0.0,0.0,0.0,-2.198,0.0,13.65
122.5,-57.5,0.0,0.0,0.0,-0.75,0.0,13.42
122.5,-52.5,0.0,0.0,0.0,-0.667,0.0,13.2
122.5,-47.5,0.0,0.0,0.0,-0.667,0.0,13.0
122.5,-42.5,0.0,0.0,0.0,-0.333,0.0,12.82
122.5,-37.5,0.0,0.0,0.0,0.0,0.0,12.65
122.5,-32.5,0.0,0.0,0.0,0.0,0.0,12.5
122.5,-27.5,0.0,0.0,0.0,-0.214,0.0,12.37
122.5,-22.5,0.0,0.0,0.0,-0.25,0.0,12.26
122.5,-17.5,0.0,0.0,0.0,-0.429,0.0,12.17
122.5,-12.5,0.0,0.0,0.0,-0.429,0.0,12.09
122.5,-7.5,0.0,0.0,0.0,-0.429,0.0,12.04
122.5,-2.5,0.0,0.0,0.0,-0.429,0.0,12.01
122.5,2.5,0.0,0.0,0.0,-0.462,0.0,12.0
122.5,7.5,0.0,0.0,0.0,-0.545,0.0,12.01
122.5,12.5,0.0,0.0,0.0,-0.545,0.0,12.04
122.5,17.5,0.0,0.0,0.0,-0.545,0.0,12.09
122.5,22.5,0.0,0.0,0.0,-0.333,0.0,12.17
122.5,27.5,0.0,0.0,0.0,-0.3,0.0,12.26
122.5,32.5,0.0,0.0,0.0,0.0,0.0,12.37
122.5,37.5,0.0,0.0,0.0,0.0,0.0,12.5
122.5,42.5,0.0,0.0,0.0,-0.375,0.0,12.65
122.5,47.5,0.0,0.0,0.0,-0.429,0.0,12.82
122.5,52.5,1.0,0.0,0.0,-0.204,-0.204,13.0
122.5,57.5,0.0,0.0,0.0,-0.5,0.0,13.2
122.5,62.5,0.0,0.0,0.0,-0.6,0.0,13.42
122.5,67.5,0.0,0.0,0.0,-0.75,0.0,13.65
122.5,72.5,0.0,0.0,0.0,-0.75,0.0,13.89
